code,sample_year,sex,CV,T_ng_g,age_at_sample,cyst,positive,sample_type,male_status,season,rain_90
4NEm0,2008,M,7.85,1205.31,9.80150581793292,1,1,NA,leader,hot_dry,139.4
4NEm0,2008,M,7.89,1889.11,9.82614647501711,1,1,NA,leader,hot_dry,154
4NEm0,2008,M,7.43,1350.2,9.8425735797399,1,1,NA,leader,hot_dry,167.1
4NEm0,2008,M,8.9,1380.75,9.86447638603696,1,1,NA,leader,hot_dry,189.6
4NEm0,2008,M,2.53,1039.59,9.93292265571526,1,1,NA,leader,cold_wet,450.4
4NEm0,2008,M,15.81,432.8,9.9958932238193,1,1,NA,leader,cold_wet,626.6
4NEm0,2008,M,6.94,842.62,10.031485284052,1,1,NA,leader,cold_wet,544.9
4NEm0,2008,M,0.47,1020.58,10.1738535249829,1,1,NA,leader,cold_wet,1224.2
4NEm0,2008,M,11.68,512.65,10.2614647501711,1,1,NA,leader,cold_dry,1023.4
4NEm0,2008,M,1.76,1180.59,10.3983572895277,1,1,NA,leader,cold_dry,337.5
4NEm0,2008,M,5.82,910.5,10.4421629021218,1,1,NA,leader,cold_dry,155.8
4NEm0,2009,M,2.35,1174.91,10.5352498288843,1,1,NA,leader,cold_dry,109.2
4NEm0,2009,M,5.43,591.92,10.5872689938398,1,1,NA,leader,hot_dry,36.4
4NEm0,2009,M,1.54,1243.02,10.6776180698152,1,1,NA,leader,hot_dry,1.7
4NEm0,2009,M,3.26,1131.17,10.7652292950034,1,1,NA,leader,hot_dry,39.4
4NEm0,2009,M,1.72,1018.21,10.8254620123203,1,1,NA,leader,hot_dry,47.2
4NEm0,2009,M,4.17,1092.51,10.8692676249144,1,1,NA,leader,hot_dry,53.7
4NEm0,2009,M,10.88,535.87,10.92128678987,1,1,NA,leader,cold_wet,71.5
4NEm0,2009,M,10.19,781.34,11.0143737166324,1,1,NA,leader,cold_wet,380.6
4NEm0,2009,M,5.21,594.16,11.088295687885,1,1,NA,leader,cold_wet,644.7
4NEm0,2009,M,10.7,2155.1,11.1813826146475,1,1,NA,leader,cold_wet,959.7
4NEm0,2009,M,2.84,540.35,11.2689938398357,1,1,NA,leader,cold_dry,694.1
4NEm0,2009,M,5.47,605.15,11.3538672142368,1,1,NA,leader,cold_dry,427.3
4NEm0,2009,M,2.46,643.79,11.4223134839151,1,1,NA,leader,cold_dry,177.6
5PFii,2015,M,0,496.14,14.0670773442847,0,0,urine,leader,hot_dry,205.9
5PFii,2014,M,0.91,325.34,13.4647501711157,0,0,urine,leader,cold_dry,1047.5
5PFii,2015,M,9.75,1101.33,14.6173853524983,0,0,urine,leader,cold_dry,464.4
5PFii,2015,M,7.69,1069.31,14.1984941820671,0,0,urine,leader,cold_wet,445.7
5PFii,2014,M,3.12,288.75,13.4948665297741,0,0,urine,leader,cold_dry,900.3
4mrXP,2019,M,6.83,816.75,11.4086242299795,0,0,plasma,follower,cold_wet,608.37
4mrXP,2019,M,11.83,447.83,11.1019849418207,0,0,plasma,follower,hot_dry,7.2
4mrXP,2019,M,6.92,493.16,11.0417522245038,0,0,plasma,follower,hot_dry,22.6
4mrXP,2019,M,5.72,931.57,11.233401779603,0,0,plasma,follower,hot_dry,68.8
4mrXP,2019,M,10.6,410.96,11.0718685831622,0,0,plasma,follower,hot_dry,9.4
4mrXP,2019,M,8.99,643.62,11.1786447638604,0,0,plasma,follower,hot_dry,19.2
4mrXP,2019,M,7.63,682.68,11.1485284052019,0,0,plasma,follower,hot_dry,17.3
4mrXP,2019,M,3.49,948.5,11.2635181382615,0,0,plasma,follower,hot_dry,114.2
4mrXP,2019,M,1.41,773.41,11.315537303217,0,0,plasma,follower,cold_wet,247.1
OfK0C,2018,M,0,211.33,11.6413415468857,0,0,plasma,follower,cold_wet,925.4
OfK0C,2018,M,11.55,362.1,11.9260780287474,0,0,plasma,follower,cold_dry,678
OfK0C,2016,M,8,611.88,9.22381930184805,0,0,urine,leader,hot_dry,37.7
OfK0C,2018,M,2.38,456.24,11.3237508555784,0,0,plasma,follower,hot_dry,28.1
OfK0C,2018,M,8.44,533.45,11.2279260780287,0,0,plasma,follower,hot_dry,2.2
OfK0C,2018,M,4.72,608.26,11.3894592744695,0,0,plasma,follower,hot_dry,63.1
OfK0C,2018,M,6.23,395.28,11.0609171800137,0,0,plasma,follower,cold_dry,273.8
OfK0C,2018,M,5.74,645.43,11.4907597535934,0,0,plasma,follower,cold_wet,278.1
OfK0C,2018,M,1.88,214,11.7563312799452,0,0,plasma,follower,cold_wet,1200.5
OfK0C,2017,M,9.35,628.63,11.0034223134839,0,0,plasma,follower,cold_dry,331.7
OfK0C,2015,M,4.11,974.94,8.72826830937714,0,0,urine,leader,cold_wet,752.3
OfK0C,2018,M,0.47,297,11.5838466803559,0,0,plasma,follower,cold_wet,687
OfK0C,2018,M,9.7,251.35,11.1457905544148,0,0,plasma,follower,hot_dry,27.2
OfK0C,2015,M,14.28,900.41,8.97467488021903,0,0,urine,leader,cold_dry,464.4
OfK0C,2015,M,9.73,449.4,8.36139630390144,0,0,urine,leader,hot_dry,59.6
OfK0C,2015,M,10.87,631.88,8.42710472279261,0,0,urine,leader,hot_dry,205.9
rMVQ4,2015,M,5.69,561.67,16.3285420944559,0,1,urine,follower,hot_dry,93.1
rMVQ4,2014,M,0,1131.72,15.7864476386037,0,1,urine,leader,cold_dry,909.8
rMVQ4,2014,M,5.95,1551.87,15.8001368925394,0,1,urine,leader,cold_dry,869.8
rMVQ4,2015,M,3.55,214.09,16.35318275154,0,1,urine,follower,hot_dry,204.9
QFZ4j,2014,M,15.68,584.18,10.5845311430527,0,1,urine,leader,cold_dry,992.5
QFZ4j,2014,M,4.91,895,10.6036960985626,0,1,urine,leader,cold_dry,892.3
QFZ4j,2015,M,4.27,752.39,11.170431211499,0,1,urine,follower,hot_dry,205.4
zYkh4,2013,M,1.32,634.79,11.0554414784394,0,1,urine,follower,cold_dry,772.4
zYkh4,2013,M,14.2,407.6,10.9979466119097,0,1,urine,follower,cold_dry,1627.4
zYkh4,2013,M,3.86,703.87,11.1211498973306,0,1,urine,follower,cold_dry,470.3
zYkh4,2014,M,13.9,699.63,11.5838466803559,0,1,urine,follower,hot_dry,298.9
zYkh4,2013,M,7.7,654.71,11.1485284052019,0,1,urine,follower,cold_dry,446.6
zYkh4,2014,M,1.35,608.71,11.356605065024,0,1,urine,follower,hot_dry,26.8
zYkh4,2014,M,5.24,676.16,11.3347022587269,0,1,urine,follower,hot_dry,44.3
zYkh4,2014,M,7.79,542.79,11.5071868583162,0,1,urine,follower,hot_dry,110.9
zYkh4,2013,M,5.35,524.34,11.1786447638604,0,1,urine,follower,cold_dry,304.8
zYkh4,2013,M,1.27,571.78,10.9705681040383,0,1,urine,follower,cold_dry,1844
zYkh4,2014,M,5.03,341.54,11.2908966461328,0,1,urine,follower,cold_dry,44.3
ILbLe,2015,M,5.14,1068.83,8.73100616016427,0,0,urine,bachelor,cold_wet,302.2
ILbLe,2014,M,1.82,604.8,7.75906913073238,0,0,urine,bachelor,cold_wet,602.7
ILbLe,2016,M,2.46,1327.61,9.54688569472964,0,0,urine,bachelor,hot_dry,60.4
ILbLe,2015,M,5.45,633.55,9.22929500342231,0,0,urine,bachelor,cold_dry,432.5
ILbLe,2015,M,2.4,1174.44,8.66255989048597,0,0,urine,bachelor,hot_dry,205.9
ILbLe,2014,M,12.63,605.63,8.01095140314853,0,0,urine,bachelor,cold_wet,1256
ILbLe,2016,M,0.43,1120.27,9.46475017111567,0,0,urine,bachelor,hot_dry,37.7
ILbLe,2015,M,6.94,2069.87,8.69267624914442,0,0,urine,bachelor,hot_dry,229.7
ILbLe,2015,M,2.74,552.75,8.98836413415469,0,0,urine,bachelor,cold_wet,822
ILbLe,2015,M,3.13,699.14,8.2984257357974,0,0,urine,bachelor,cold_dry,89.8
ILbLe,2015,M,4.53,1799.87,8.55304585900068,0,0,urine,bachelor,hot_dry,51.1
ILbLe,2015,M,4.41,449.33,9.09514031485284,0,0,urine,bachelor,cold_dry,716.9
ILbLe,2016,M,0,899.29,9.41273100616016,0,0,urine,bachelor,hot_dry,85.6
ILbLe,2014,M,7.73,432.93,8.2217659137577,0,0,urine,bachelor,cold_dry,278.3
ILbLe,2014,M,6.14,1253.14,8.04928131416838,0,0,urine,bachelor,cold_dry,1060.75
ILbLe,2015,M,3.64,1623.35,8.60780287474333,0,0,urine,bachelor,hot_dry,60.1
ILbLe,2015,M,0.72,1149.54,8.79671457905544,0,0,urine,bachelor,cold_wet,451.2
ILbLe,2015,M,7.49,700.16,9.14442162902122,0,0,urine,bachelor,cold_dry,606.2
ILbLe,2015,M,6.15,1365.83,8.5201916495551,0,0,urine,bachelor,hot_dry,32.1
ILbLe,2015,M,1.81,923.05,8.33675564681725,0,0,urine,bachelor,cold_dry,37
ILbLe,2015,M,5.34,939.4,8.38603696098563,0,0,urine,bachelor,hot_dry,18.5
N16jm,2015,M,9.06,665.66,9.16906228610541,0,0,urine,leader,cold_wet,807.2
N16jm,2015,M,4.21,489.74,9.3990417522245,0,0,urine,leader,cold_dry,464.4
N16jm,2015,M,10.93,688.66,8.85420944558522,0,0,urine,leader,hot_dry,206.9
N16jm,2015,M,1.25,1034.38,8.78576317590691,0,0,urine,leader,hot_dry,59.6
N16jm,2016,M,1.42,1937.98,9.64818617385352,0,0,urine,leader,hot_dry,37.7
vr85b,2015,M,3.51,988.8,10.2833675564682,0,0,urine,leader,hot_dry,204.9
vr85b,2016,M,2.65,1138.91,11.1567419575633,0,0,urine,leader,hot_dry,65.5
vr85b,2014,M,5.98,521.38,9.5523613963039,0,0,urine,leader,cold_wet,1090.5
vr85b,2015,M,10.81,622.53,10.2395619438741,0,0,urine,leader,hot_dry,60.1
vr85b,2015,M,4.33,445.73,10.6885694729637,0,0,urine,leader,cold_dry,734.6
vr85b,2014,M,1.26,759.5,9.72210814510609,0,0,urine,leader,cold_dry,892.3
vr85b,2014,M,7.46,290.18,9.70294318959617,0,0,urine,leader,cold_dry,992.5
eeLES,2013,M,2.33,822.58,12.1314168377823,0,0,urine,leader,cold_dry,217.8
eeLES,2014,M,7.76,648.99,12.2053388090349,0,0,urine,leader,cold_dry,68.6
eeLES,2013,M,9.67,1251.17,11.917864476386,0,0,urine,leader,cold_dry,1822
eeLES,2013,M,9.02,2681.7,12.0027378507871,0,0,urine,leader,cold_dry,754.5
eeLES,2013,M,4.77,1089.48,11.9452429842574,0,0,urine,leader,cold_dry,1602.4
eeLES,2013,M,8.76,539.8,12.0903490759754,0,0,urine,leader,cold_dry,447.1
eeLES,2014,M,2.81,1024.13,12.227241615332,0,0,urine,leader,cold_dry,57.5
eeLES,2013,M,7.14,775.09,12.0383299110198,0,0,urine,leader,cold_dry,605.6
eeLES,2014,M,1.35,890.51,12.3011635865845,0,0,urine,leader,hot_dry,26.8
eeLES,2014,M,9.87,945.08,12.3805612594114,0,0,urine,leader,hot_dry,87.4
eeLES,2014,M,0,833.45,12.2792607802875,0,0,urine,leader,hot_dry,44.3
FvhHJ,2015,M,0.88,658.19,9.27310061601643,0,1,urine,leader,hot_dry,205.4
FvhHJ,2016,M,8.01,818.18,10.0807665982204,0,1,urine,leader,hot_dry,37.7
FvhHJ,2014,M,5.06,656.84,8.20260095824777,0,0,urine,leader,hot_dry,111.9
FvhHJ,2014,M,3.89,580.78,7.98357289527721,0,0,urine,leader,cold_dry,44.3
FvhHJ,2013,M,6.43,570.55,7.6933607118412,0,0,urine,leader,cold_dry,1602.4
FvhHJ,2014,M,2.2,340.99,8.04928131416838,0,0,urine,leader,hot_dry,26.8
FvhHJ,2015,M,0,518.74,9.58247775496235,0,1,urine,leader,cold_wet,752.3
FvhHJ,2014,M,0.98,348,8.33675564681725,0,0,urine,leader,cold_wet,534.2
FvhHJ,2014,M,4.72,346.98,8.36413415468857,0,0,urine,leader,cold_wet,528.7
FvhHJ,2014,M,18.9,375.27,8.02737850787132,0,0,urine,leader,hot_dry,44.3
FvhHJ,2015,M,6.88,729.75,9.21560574948665,0,1,urine,leader,hot_dry,59.6
FvhHJ,2014,M,10.68,203.18,8.69267624914442,0,1,urine,leader,cold_dry,992
FvhHJ,2014,M,10.8,435.55,8.50376454483231,0,0,urine,leader,cold_wet,1188.5
FvhHJ,2014,M,12.8,243.86,8.16427104722793,0,0,urine,leader,hot_dry,87.4
FvhHJ,2014,M,5.62,899.18,8.53114305270363,0,0,urine,leader,cold_wet,1131
FvhHJ,2014,M,7.03,360.23,8.7337440109514,0,1,urine,leader,cold_dry,813.8
FvhHJ,2014,M,11.9,615.21,8.12320328542094,0,0,urine,leader,hot_dry,83.7
FvhHJ,2014,M,1.15,309.09,8.4435318275154,0,0,urine,leader,cold_wet,952.5
FvhHJ,2014,M,12.9,330.85,8.27652292950034,0,0,urine,leader,hot_dry,298.9
40bfQ,2014,M,8.14,360.88,12.703627652293,0,0,urine,leader,cold_dry,1047.5
40bfQ,2015,M,8.65,1228.17,13.3196440793977,0,1,urine,leader,hot_dry,208.4
40bfQ,2014,M,2.26,841.56,12.7282683093771,0,0,urine,leader,cold_dry,929.8
40bfQ,2015,M,4,1047.31,13.6673511293634,0,1,urine,leader,cold_wet,790.9
40bfQ,2015,M,0,1682.65,13.2813141683778,0,1,urine,leader,hot_dry,134.1
n6ZR5,2018,M,3.17,558.72,8.21629021218344,0,0,plasma,bachelor,hot_dry,12
n6ZR5,2018,M,2.03,1110,8.44626967830253,0,0,plasma,bachelor,hot_dry,63.1
n6ZR5,2018,M,2.17,1173.16,8.290212183436,0,0,plasma,bachelor,hot_dry,2.2
n6ZR5,2018,M,2.85,696,8.25188227241615,0,0,plasma,bachelor,hot_dry,2.2
n6ZR5,2018,M,7.92,576.92,8.15605749486653,0,0,plasma,bachelor,cold_dry,227.3
n6ZR5,2018,M,1.83,1359.33,8.12867898699521,0,0,plasma,bachelor,cold_dry,257.8
n6ZR5,2018,M,5.39,815.54,8.32854209445585,0,0,plasma,bachelor,hot_dry,2.2
n6ZR5,2018,M,8.01,755.1,8.7337440109514,0,0,plasma,bachelor,cold_wet,1037.4
n6ZR5,2017,M,4.85,1017.23,8.0848733744011,0,0,plasma,bachelor,cold_dry,311
n6ZR5,2018,M,9.11,717.65,8.53114305270363,0,0,plasma,bachelor,cold_wet,195.1
n6ZR5,2018,M,0.62,720.44,8.47364818617385,0,0,plasma,bachelor,hot_dry,98.6
PtJ1b,2016,M,6.21,250.8,10.2422997946612,0,1,urine,leader,hot_dry,37.7
PtJ1b,2015,M,7.79,686.32,10.009582477755,0,1,urine,leader,cold_dry,387.8
PtJ1b,2014,M,6.79,557.09,8.85968514715948,0,0,urine,leader,cold_dry,909.8
PtJ1b,2015,M,4.99,442.85,9.77960301163587,0,1,urine,leader,cold_wet,837.4
PtJ1b,2014,M,2.9,336,8.83504449007529,0,0,urine,leader,cold_dry,1040.5
PtJ1b,2015,M,3.27,173.61,9.37166324435318,0,0,urine,leader,hot_dry,59.6
PtJ1b,2015,M,7.19,631.07,9.42915811088296,0,0,urine,leader,hot_dry,205.4
6INYe,2015,M,5.23,796.83,13.0622861054073,0,0,urine,follower,hot_dry,59.6
6INYe,2014,M,5.74,380.56,12.5256673511294,0,0,urine,leader,cold_dry,1040.5
6INYe,2015,M,7.68,290.62,13.1307323750856,0,0,urine,follower,hot_dry,206.9
6INYe,2014,M,11.47,345,12.5530458590007,0,0,urine,leader,cold_dry,900.3
ZFZGF,2009,M,7.4,1024.98,10.3080082135524,1,1,NA,follower,cold_dry,758.8
ZFZGF,2013,M,1.87,236.72,14.0205338809035,1,1,NA,follower,cold_wet,306.1
senec,2013,M,1.36,997.26,10.5872689938398,0,1,urine,leader,cold_dry,639.5
senec,2014,M,4.06,1459.74,10.8966461327858,0,1,urine,leader,hot_dry,7.2
senec,2016,M,1.22,1047.86,12.8898015058179,0,0,urine,leader,hot_dry,37.7
senec,2014,M,3.67,794.04,11.2607802874743,0,1,urine,leader,cold_wet,1004
senec,2014,M,8.47,598.21,11.3100616016427,0,1,urine,leader,cold_wet,1159.5
senec,2013,M,4.67,569.61,10.5598904859685,0,1,urine,leader,cold_dry,772.4
senec,2013,M,4.19,1144.39,10.5051334702259,0,1,urine,leader,cold_dry,1602.4
senec,2014,M,7.35,985.3,11.0937713894593,0,1,urine,leader,hot_dry,307.4
senec,2015,M,9.77,681.45,12.0273785078713,0,0,urine,leader,hot_dry,59.6
senec,2015,M,9.02,548.93,12.6406570841889,0,0,urine,leader,cold_dry,464.4
senec,2014,M,1.33,751.58,10.861054072553,0,1,urine,leader,hot_dry,26.8
senec,2014,M,0,584.18,11.5154004106776,0,1,urine,leader,cold_dry,909.8
senec,2013,M,0,1406.72,10.4750171115674,0,1,urine,leader,cold_dry,1844
senec,2014,M,12.2,615.97,10.8336755646817,0,1,urine,leader,hot_dry,44.3
senec,2014,M,3.13,676.61,11.4907597535934,0,0,urine,leader,cold_dry,1040.5
senec,2014,M,3.96,759.5,10.9240246406571,0,1,urine,leader,hot_dry,80.2
senec,2014,M,15.2,476.73,10.7953456536619,0,1,urine,leader,cold_dry,44.3
senec,2013,M,1.76,805.66,10.6502395619439,0,1,urine,leader,cold_dry,447.1
senec,2015,M,2.63,543.86,12.0958247775496,0,0,urine,leader,hot_dry,206.9
senec,2014,M,10,598.56,11.233401779603,0,1,urine,leader,cold_wet,864.5
senec,2014,M,7.25,555.04,11.170431211499,0,1,urine,leader,cold_wet,533.2
senec,2015,M,0,915.67,12.4380561259411,0,0,urine,leader,cold_wet,835.8
senec,2013,M,2.45,813.32,10.6885694729637,0,1,urine,leader,cold_dry,297.8
senec,2014,M,4.24,812.82,10.7597535934292,0,1,urine,leader,cold_dry,75.8
senec,2014,M,6.95,858.71,11.3429158110883,0,0,urine,leader,cold_wet,1131
XaSak,2015,M,1.14,901.3,9.50855578370979,0,1,urine,leader,cold_wet,793.9
XaSak,2015,M,0,1722.73,9.14715947980835,0,1,urine,leader,hot_dry,205.4
uPWcu,2014,M,6.37,331.12,6.52703627652293,0,0,urine,bachelor,cold_wet,848
uPWcu,2015,M,1.5,1270.81,7.42231348391513,0,0,urine,bachelor,hot_dry,229.7
uPWcu,2014,M,0.38,177.12,6.9514031485284,0,0,urine,bachelor,cold_dry,278.3
uPWcu,2015,M,3.08,424.39,7.75633127994524,0,0,urine,bachelor,cold_wet,789.6
uPWcu,2014,M,13.03,594.21,6.74058863791923,0,0,urine,bachelor,cold_wet,1256
uPWcu,2015,M,0.61,1361.35,7.2498288843258,0,0,urine,bachelor,hot_dry,32.1
uPWcu,2015,M,7.96,861.49,7.13483915126626,0,0,urine,bachelor,hot_dry,18.5
uPWcu,2015,M,3.96,928.31,7.52635181382615,0,0,urine,bachelor,cold_wet,451.2
uPWcu,2014,M,2.27,733.16,6.68309377138946,0,0,urine,bachelor,cold_wet,1082.5
uPWcu,2015,M,2.59,688.62,7.29637234770705,0,0,urine,bachelor,hot_dry,54.1
uPWcu,2015,M,3.79,692.14,7.87405886379192,0,0,urine,bachelor,cold_dry,606.2
uPWcu,2015,M,7.8,845.87,7.20054757015743,0,0,urine,bachelor,hot_dry,2
uPWcu,2015,M,2.72,747.62,7.0280629705681,0,0,urine,bachelor,cold_dry,89.8
uPWcu,2014,M,1.08,527.14,6.87748117727584,0,0,urine,bachelor,cold_dry,663.8
uPWcu,2015,M,8.55,404.21,7.83299110198494,0,0,urine,bachelor,cold_dry,684.1
uPWcu,2014,M,4.34,1226.4,6.77891854893908,0,0,urine,bachelor,cold_dry,1060.75
uPWcu,2015,M,0.53,683.88,7.95893223819302,0,0,urine,bachelor,cold_dry,432.5
uPWcu,2014,M,1.33,751.5,6.48870636550308,0,0,urine,bachelor,cold_wet,602.7
uPWcu,2015,M,16.3,1122.43,7.38672142368241,0,0,urine,bachelor,hot_dry,205.4
uPWcu,2015,M,16.81,550.64,7.46064339493498,0,0,urine,bachelor,cold_wet,302.2
pAOgp,2014,M,4.42,274.4,10.1437371663244,0,1,urine,follower,cold_dry,57.5
pAOgp,2013,M,4.94,548.29,9.85626283367557,0,1,urine,follower,cold_dry,1751.5
pAOgp,2013,M,8.41,310.74,9.95756331279945,0,1,urine,follower,cold_dry,605.6
pAOgp,2014,M,1.16,307.8,10.2477754962355,0,1,urine,follower,hot_dry,5.6
pAOgp,2013,M,9.8,423.1,10.0369609856263,0,1,urine,follower,cold_dry,309.6
pAOgp,2013,M,1.32,529.33,9.81519507186858,0,1,urine,follower,cold_wet,1899.9
pAOgp,2013,M,10.96,742.27,9.88364134154689,0,1,urine,follower,cold_dry,1204.8
pAOgp,2014,M,6.91,696.65,10.5817932922656,0,1,urine,follower,cold_wet,842.5
pAOgp,2014,M,4.86,442.61,10.2669404517454,0,1,urine,follower,hot_dry,34.2
pAOgp,2014,M,17.7,564.31,10.4065708418891,0,1,urine,follower,hot_dry,134.4
pAOgp,2013,M,10.09,1942.9,9.9192334017796,0,1,urine,follower,cold_dry,772.4
pAOgp,2014,M,6.94,577.57,10.6283367556468,0,1,urine,follower,cold_wet,1056
pAOgp,2013,M,3.75,370.5,10.0150581793292,0,1,urine,follower,cold_dry,437.1
pAOgp,2014,M,6.67,750.96,10.3682409308693,0,1,urine,follower,hot_dry,90.9
DIn4o,2014,M,10.1,411.48,15.0116358658453,0,0,urine,follower,hot_dry,44.3
DIn4o,2014,M,12.3,375.93,15.3675564681725,0,0,urine,follower,cold_wet,640
DIn4o,2014,M,6.75,442.96,15.151266255989,0,0,urine,follower,hot_dry,87.4
DIn4o,2013,M,14.13,450.33,14.8227241615332,0,0,urine,follower,cold_dry,447.1
DIn4o,2014,M,14.1,350.84,15.3401779603012,0,0,urine,follower,cold_wet,530.2
DIn4o,2014,M,5.89,408.81,15.2553045859001,0,0,urine,follower,hot_dry,288.9
DIn4o,2013,M,0.68,274.4,14.6748802190281,0,0,urine,follower,cold_dry,1627.4
DIn4o,2014,M,9.83,333.77,15.0992470910335,0,0,urine,follower,hot_dry,81.2
DIn4o,2014,M,4.25,933.84,15.4907597535934,0,0,urine,follower,cold_wet,1210
DIn4o,2013,M,1.07,449.4,14.861054072553,0,0,urine,follower,cold_dry,297.8
DIn4o,2013,M,0.6,243.75,14.7597535934292,0,0,urine,follower,cold_dry,639.5
DIn4o,2014,M,5.55,263.5,15.0691307323751,0,0,urine,follower,hot_dry,7.2
DIn4o,2014,M,4.59,365.46,15.3976728268309,0,0,urine,follower,cold_wet,848
DIn4o,2013,M,11.5,377.57,14.6475017111567,0,0,urine,follower,cold_dry,1844
DIn4o,2013,M,4.07,500.5,14.7323750855578,0,0,urine,follower,cold_dry,772.4
DIn4o,2014,M,16.8,555.23,15.1841204654346,0,0,urine,follower,hot_dry,110.9
DIn4o,2014,M,2.3,271.51,15.4250513347023,0,0,urine,follower,cold_wet,937
iePsk,2014,M,1.91,985.94,6.90212183436003,0,1,urine,bachelor,cold_wet,1256
iePsk,2014,M,15.62,1522.07,7.1129363449692,0,0,urine,bachelor,cold_dry,278.3
iePsk,2014,M,6.26,803.37,6.84462696783025,0,0,urine,bachelor,cold_wet,1082.5
iePsk,2014,M,5.26,458,6.65023956194387,0,0,urine,bachelor,cold_wet,602.7
iePsk,2015,M,4.18,2507.51,7.55373032169747,0,0,urine,bachelor,hot_dry,205.9
iePsk,2015,M,1.06,1107.69,7.36208076659822,0,0,urine,bachelor,hot_dry,2
iePsk,2015,M,3.14,1032.88,7.1895961670089,0,0,urine,bachelor,cold_dry,89.8
iePsk,2015,M,0.51,1519.89,7.49897330595483,0,0,urine,bachelor,hot_dry,60.1
iePsk,2014,M,3.26,1281.08,7.03901437371663,0,0,urine,bachelor,cold_dry,663.8
iePsk,2015,M,0.88,731.7,7.58384668035592,0,0,urine,bachelor,hot_dry,229.7
iePsk,2015,M,0.73,946.4,7.22792607802875,0,0,urine,bachelor,cold_dry,37
iePsk,2015,M,1.89,1598.3,7.4113620807666,0,0,urine,bachelor,hot_dry,32.1
iePsk,2015,M,7.26,1367.31,7.45790554414784,0,0,urine,bachelor,hot_dry,54.1
iePsk,2015,M,1.66,603.03,7.29637234770705,0,0,urine,bachelor,hot_dry,18.5
Wx8PF,2015,M,4.78,1186.65,11.3127994524298,0,0,urine,leader,cold_dry,387.8
Wx8PF,2014,M,1.82,761.67,10.1382614647502,0,1,urine,leader,cold_dry,1040.5
Wx8PF,2015,M,7.4,444.92,11.0417522245038,0,0,urine,leader,cold_wet,752.3
Wx8PF,2014,M,10.65,785.65,10.1656399726215,0,0,urine,leader,cold_dry,900.3
Wx8PF,2016,M,7.66,784,11.791923340178,0,0,urine,leader,cold_wet,358.7
Wx8PF,2015,M,6.3,1348.14,10.735112936345,0,1,urine,leader,hot_dry,205.4
Wx8PF,2014,M,0,691.56,10.0013689253936,0,1,urine,leader,cold_wet,1100.5
Wx8PF,2016,M,2.9,1575,11.5373032169747,0,0,urine,leader,hot_dry,37.7
GiKBA,2015,M,9.29,298.39,10.7789185489391,0,0,urine,leader,cold_dry,733.6
GiKBA,2014,M,5.31,719.73,9.77686516084873,0,0,urine,leader,cold_dry,1040.5
GiKBA,2014,M,3.76,463.11,9.80971937029432,0,0,urine,leader,cold_dry,888.3
OZ2n8,2015,M,14.58,510.56,10.0807665982204,0,0,urine,leader,cold_dry,464.4
OZ2n8,2014,M,7.67,832.46,8.9637234770705,0,0,urine,leader,cold_dry,888.3
OZ2n8,2014,M,7.01,598.43,8.4517453798768,0,0,urine,leader,hot_dry,110.9
OZ2n8,2020,M,5.76,510.98,14.2970568104038,0,0,plasma,follower,hot_dry,91.8
OZ2n8,2015,M,4.28,401.25,9.53593429158111,0,0,urine,leader,hot_dry,206.9
OZ2n8,2014,M,1.02,751.87,8.78850102669404,0,0,urine,leader,cold_wet,1098.5
OZ2n8,2014,M,4.76,102.03,8.62149212867899,0,0,urine,leader,cold_wet,556.7
OZ2n8,2014,M,1.15,366.39,8.69541409993155,0,0,urine,leader,cold_wet,952.5
OZ2n8,2015,M,0,246.32,9.46748802190281,0,0,urine,leader,hot_dry,59.6
OZ2n8,2016,M,1.29,1011.56,10.3326488706366,0,0,urine,leader,hot_dry,37.7
OZ2n8,2014,M,1.92,535.5,8.95824777549624,0,0,urine,leader,cold_dry,900.3
OZ2n8,2014,M,0,334.14,8.58590006844627,0,0,urine,leader,cold_wet,535.8
OZ2n8,2020,M,3.95,441.35,14.2642026009582,0,0,plasma,follower,hot_dry,239.5
OZ2n8,2020,M,0,328.97,14.3299110198494,0,0,plasma,follower,hot_dry,10.4
OZ2n8,2014,M,0,290.51,8.22450376454483,0,0,urine,leader,cold_dry,57.5
OZ2n8,2014,M,0,355.2,8.6652977412731,0,0,urine,leader,cold_wet,848
OZ2n8,2014,M,5.29,748.52,8.30390143737166,0,0,urine,leader,hot_dry,26.8
OZ2n8,2015,M,1.32,567.62,9.85626283367557,0,0,urine,leader,cold_wet,822
OZ2n8,2014,M,12,841.05,8.52292950034223,0,0,urine,leader,hot_dry,288.9
OZ2n8,2014,M,9.97,714.74,8.75564681724846,0,0,urine,leader,cold_wet,1188.5
aPRZB,2014,M,4.26,678.41,6.83641341546886,0,0,urine,bachelor,cold_dry,1060.75
aPRZB,2015,M,3.11,430.18,7.51813826146475,0,0,urine,bachelor,cold_wet,302.2
aPRZB,2015,M,3.82,256.09,7.58384668035592,0,0,urine,bachelor,cold_wet,451.2
aPRZB,2015,M,8.91,331.35,7.84394250513347,0,0,urine,bachelor,cold_dry,742.6
aPRZB,2015,M,2.6,883.07,7.44969199178645,0,0,urine,bachelor,hot_dry,205.9
aPRZB,2014,M,1.52,930.51,6.74058863791923,0,0,urine,bachelor,cold_wet,1082.5
aPRZB,2015,M,0.3,660.21,7.08555783709788,0,0,urine,bachelor,cold_dry,89.8
aPRZB,2014,M,4.21,568.98,6.79808350444901,0,0,urine,bachelor,cold_wet,1256
aPRZB,2015,M,5.02,314.52,7.89048596851472,0,0,urine,bachelor,cold_dry,684.1
aPRZB,2015,M,0.54,889.76,7.2580424366872,0,0,urine,bachelor,hot_dry,2
aPRZB,2015,M,3.31,1917.31,7.19233401779603,0,0,urine,bachelor,hot_dry,18.5
aPRZB,2015,M,2.65,477.03,7.4798083504449,0,0,urine,bachelor,hot_dry,229.7
aPRZB,2015,M,3.62,1682.95,7.35112936344969,0,0,urine,bachelor,hot_dry,53.6
aPRZB,2014,M,13.02,502.29,6.93497604380561,0,0,urine,bachelor,cold_dry,663.8
aPRZB,2015,M,1.53,847.75,8.01642710472279,0,0,urine,bachelor,cold_dry,432.5
aPRZB,2014,M,2.25,246.52,7.00889801505818,0,0,urine,bachelor,cold_dry,278.3
aPRZB,2015,M,9.68,483.6,7.9315537303217,0,0,urine,bachelor,cold_dry,606.2
aPRZB,2015,M,7.45,735.28,7.30732375085558,0,0,urine,bachelor,hot_dry,32.1
aPRZB,2014,M,9.1,551.56,6.5845311430527,0,0,urine,bachelor,cold_wet,848
Jlc5M,2018,M,6.3,610.58,14.9514031485284,0,0,plasma,follower,hot_dry,2.2
Jlc5M,2018,M,0,1004.83,14.8555783709788,0,0,plasma,follower,cold_dry,27.2
Jlc5M,2014,M,6.24,615.3,11.564681724846,0,0,urine,leader,cold_dry,909.8
Jlc5M,2015,M,8.88,273.33,12.6023271731691,0,0,urine,leader,cold_dry,622.2
Jlc5M,2017,M,4.38,659.71,14.6913073237509,0,0,plasma,follower,cold_dry,403.4
Jlc5M,2016,M,0.8,797,13.015742642026,0,0,urine,leader,hot_dry,57.7
Jlc5M,2014,M,5.36,443.55,11.5373032169747,0,0,urine,leader,cold_dry,1047.5
Jlc5M,2015,M,5.85,1415.29,12.1368925393566,0,0,urine,leader,hot_dry,205.4
Jlc5M,2018,M,1.43,180.9,15.151266255989,0,0,plasma,follower,hot_dry,96.8
Jlc5M,2014,M,1.58,2584.5,11.3949349760438,0,0,urine,leader,cold_wet,1130.5
izXlX,2013,M,0,1538.6,10.5297741273101,0,1,urine,leader,cold_dry,1627.4
izXlX,2014,M,11.3,510.46,10.9322381930185,0,1,urine,leader,hot_dry,34.2
izXlX,2013,M,3.77,751.21,10.5023956194387,0,1,urine,leader,cold_dry,1844
izXlX,2014,M,11.2,1120,11.3757700205339,0,1,urine,leader,cold_wet,1098.5
izXlX,2014,M,6.86,382.63,10.8911704312115,0,1,urine,leader,hot_dry,26.8
izXlX,2013,M,8.64,692.4,10.6858316221766,0,1,urine,leader,cold_dry,317.1
izXlX,2013,M,2.17,823.28,10.5872689938398,0,1,urine,leader,cold_dry,772.4
izXlX,2014,M,1.97,511.03,11.2498288843258,0,1,urine,leader,cold_wet,842.5
izXlX,2014,M,11.2,2144.94,11.1266255989049,0,1,urine,leader,hot_dry,364.9
izXlX,2014,M,5.06,1158.63,11.1786447638604,0,1,urine,leader,cold_wet,509.2
izXlX,2014,M,17.6,442.86,11.0390143737166,0,1,urine,leader,hot_dry,110.9
izXlX,2014,M,12.6,1049.14,11.3429158110883,0,1,urine,leader,cold_wet,1188.5
izXlX,2013,M,9.69,1163.41,10.7186858316222,0,1,urine,leader,cold_dry,217.8
izXlX,2013,M,4.87,1083.83,10.6146475017112,0,1,urine,leader,cold_dry,639.5
izXlX,2014,M,7.13,940.15,11.2087611225188,0,1,urine,leader,cold_wet,556.7
izXlX,2014,M,1.3,678.45,10.8117727583847,0,1,urine,leader,cold_dry,57.5
izXlX,2014,M,9.01,694.47,11.0855578370979,0,1,urine,leader,hot_dry,173.9
izXlX,2014,M,0.984,531.29,10.8637919233402,0,1,urine,leader,hot_dry,44.3
us5rN,2013,M,9.81,252.19,11.8110882956879,1,1,NA,follower,cold_dry,87.3
us5rN,2013,M,7.88,546.34,12.7200547570157,1,1,NA,bachelor,cold_dry,216.8
us5rN,2014,M,3.29,279.89,12.7720739219713,1,1,NA,bachelor,cold_dry,94
us5rN,2013,M,11.09,349.25,12.5859000684463,1,1,NA,bachelor,cold_dry,772.4
agwBV,2010,M,2.07,468.96,10.2833675564682,1,1,NA,follower,cold_dry,1507.92
4NEm0,2008,M,10,1164,9.798767967,1,1,NA,bachelor,hot_dry,139.4
4NEm0,2010,M,1.56,406.15,11.61122519,1,1,NA,follower,hot_dry,48.7
4NEm0,2010,M,0.9,410.94,11.61943874,1,1,NA,follower,hot_dry,48.7
4NEm0,2010,M,9.42,820.69,11.6495551,1,1,NA,follower,hot_dry,33.7
4NEm0,2010,M,10.92,605.79,11.78097194,1,1,NA,follower,hot_dry,140
4NEm0,2010,M,6.73,436.33,12.06844627,1,1,NA,follower,cold_wet,1328.05
4NEm0,2010,M,4.31,1327.34,12.12046543,1,1,NA,follower,cold_wet,1486.3
4NEm0,2010,M,6,362.45,12.24093087,1,1,NA,follower,cold_wet,1509.9
4NEm0,2010,M,0.83,738.07,12.26283368,1,1,NA,follower,cold_dry,1473.32
4NEm0,2010,M,4.06,330.64,12.3340178,1,1,NA,follower,cold_dry,848.02
4NEm0,2010,M,3.45,472.85,12.42162902,1,1,NA,follower,cold_dry,343.17
4NEm0,2011,M,7.31,285.54,12.54757016,1,1,NA,follower,cold_dry,85
4NEm0,2011,M,12.37,2349.38,12.58316222,1,1,NA,follower,hot_dry,0
5PFii,2016,M,7.39,612.67,15.137577,0,0,urine,follower,cold_wet,396.8
5PFii,2017,M,0,522.5,16.67624914,0,0,plasma,follower,cold_dry,303.5
5PFii,2018,M,13.15,274.4,16.76386037,0,0,plasma,follower,cold_dry,76.6
5PFii,2018,M,1.62,608.51,16.82135524,0,0,plasma,follower,hot_dry,0
5PFii,2018,M,4.72,728.63,16.91718001,0,0,plasma,follower,hot_dry,2.2
5PFii,2018,M,2.81,812.88,17.07049966,0,0,plasma,follower,hot_dry,98.6
5PFii,2018,M,8.25,727.59,17.11978097,0,0,plasma,follower,cold_wet,235.1
5PFii,2018,M,7.8,520.15,17.24845996,0,0,plasma,follower,cold_wet,821
5PFii,2018,M,11.32,265.78,17.32511978,0,0,plasma,follower,cold_wet,1139.4
5PFii,2018,M,2.15,558.92,17.44558522,0,0,plasma,follower,cold_wet,1108.4
7iMcF,2017,M,3.14,338.16,16.43805613,1,1,urine,follower,cold_dry,303.5
7iMcF,2018,M,9.76,385.5,17.3963039,1,1,urine,follower,cold_dry,355.5
7iMcF,2019,M,4.23,1019.44,17.5797399,1,1,urine,follower,hot_dry,39.9
7gi5b,2015,M,5.21,401.71,9.100616016,0,0,urine,leader,hot_dry,205.4
7gi5b,2015,M,4.35,381.32,9.519507187,0,0,urine,leader,cold_dry,753.9
7gi5b,2016,M,2.9,615.49,9.979466119,0,0,urine,leader,hot_dry,57.7
nywxl,2019,M,1.85,1048.07,8.783025325,0,1,plasma,bachelor,hot_dry,17.2
nywxl,2019,M,7.31,1127.21,9.533196441,0,1,plasma,bachelor,cold_dry,472.1380952
IEP7s,2011,M,4.29,948.82,8.925393566,1,1,NA,bachelor,hot_dry,4.8
xm4Qi,2019,M,8.66,2079.03,8.969199179,0,0,plasma,bachelor,cold_wet,562.47
xm4Qi,2019,M,2.32,600,9.368925394,0,0,plasma,bachelor,cold_dry,668.1666667
xm4Qi,2019,M,7.12,981.04,9.429158111,0,0,plasma,bachelor,cold_dry,529.2666667
xm4Qi,2020,M,2.8,1218.46,9.527720739,0,0,plasma,bachelor,cold_dry,253.2166667
n6ZR5,2018,M,9.13,794.26,8.815879535,0,0,plasma,leader,cold_wet,1237.5
pAOgp,2015,M,8.61,1340.8,11.44969199,0,1,urine,bachelor,hot_dry,205.9
iePsk,2015,M,3.73,680.29,7.622176591,0,0,urine,leader,cold_wet,302.2
GiKBA,2019,M,2.51,686.89,14.23134839,1,1,plasma,follower,hot_dry,17.2
GiKBA,2019,M,0.7,872.79,14.35455168,1,1,plasma,follower,hot_dry,70.3
i3dwL,2015,M,8.38,863.73,7.726214921,0,0,urine,bachelor,hot_dry,229.7
i3dwL,2015,M,9.11,418.97,7.764544832,0,0,urine,bachelor,cold_wet,302.2
i3dwL,2015,M,0.37,376.99,7.830253251,0,0,urine,bachelor,cold_wet,451.2
i3dwL,2015,M,1.38,514.08,8.060232717,0,0,urine,bachelor,cold_wet,789.6
i3dwL,2015,M,7.1,578.15,8.147843943,0,0,urine,bachelor,cold_dry,641
i3dwL,2015,M,5.29,637.12,8.177960301,0,0,urine,bachelor,cold_dry,606.2
i3dwL,2015,M,7.73,600,8.262833676,0,0,urine,bachelor,cold_dry,432.5
i3dwL,2016,M,10.4,1024.09,8.449007529,0,0,urine,bachelor,hot_dry,83.2
i3dwL,2016,M,6.7,1313.94,8.498288843,0,0,urine,bachelor,hot_dry,37.7
i3dwL,2016,M,1.41,1018.7,8.5804243670000009,0,0,urine,bachelor,hot_dry,60.4
i3dwL,2016,M,2.37,829.86,8.709103354,0,0,urine,bachelor,hot_dry,295.7
aPRZB,2016,M,2.21,686.09,8.342231348,0,0,urine,leader,hot_dry,64.4
LY0qM,2014,M,7.4,488.92,9.204654346,0,1,urine,leader,cold_dry,1047.5
LY0qM,2014,M,5.33,2348.85,9.237508556,0,1,urine,leader,cold_dry,892.3
LY0qM,2015,M,2.37,725.17,9.782340862,0,1,urine,leader,hot_dry,134.1
LY0qM,2015,M,6.41,621.79,9.820670773,0,0,urine,leader,hot_dry,208.4
LY0qM,2015,M,0.62,350.7,10.19301848,0,0,urine,leader,cold_dry,751.1
LY0qM,2016,M,10.97,786.87,10.67214237,0,0,urine,leader,hot_dry,65.5
wpGw1,2015,M,8.75,583.66,9.174537988,0,1,urine,follower,hot_dry,205.4
